Fecha,Token,Liquidez_SOL,PrecioCompra,PrecioVenta,Signature
2025-08-15T23:35:24.614Z,NoEncontrado,9.92,0.05040323,0.06048388,MtwmeQ3jBUUc69urZZezUfCzzKnmaQ2bFTVYWJZAZMKy8Yxi7tnTWPK7tpS2saRrzhqSj6Vw49AyaWG4KMnANQf
2025-08-15T23:35:24.630Z,NoEncontrado,4.4,0.11363636,0.13636363,22WFi5WbRiXZWhfpCVUb2F1e1anQ7TFM9w7JYHEbrDrFRFTd2Ajvrid5MsqjmS372oeoZhbNP6GDo46ku3a6obtD
2025-08-15T23:35:24.648Z,NoEncontrado,8.73,0.05727377,0.06872852,4fZJ8nDH7c4eW6oU9kvKaindCXrUsa7mBNEqhNESCQXaWugzE1RNSg7uwSBGDf6Y4e6keai2oPsu1CXUCJwo22Uz
2025-08-15T23:35:24.658Z,ATokenGPvbdGVxr1b2hvZbsiqW5xWH25efTNsLJA8knL,5.83,0.08576329,0.10291595,4JjK1VXvtDqYHXPUgMZLNNJn388Tjf2iKmgG2eHUG4xZqssgib4PLSS3Cek6riiQN7Xyv1E6nLPtLakLwEKzuUPQ
2025-08-15T23:35:24.665Z,ATokenGPvbdGVxr1b2hvZbsiqW5xWH25efTNsLJA8knL,5.14,0.09727626,0.11673151,4uTa1v2W3RjnKjGY69JSkknRjenv5LEcYDY8PW9EdUNQEMhKV6VXYsG5ggN5MyZhD6AMmWxLKURkNVUch8MHECYp
2025-08-15T23:35:24.679Z,ATokenGPvbdGVxr1b2hvZbsiqW5xWH25efTNsLJA8knL,5.16,0.09689922,0.11627906,3Bmvg8kLzd64NX69e9NJ9Zvb1ngnPGDVwvyrNimNmADvjkBHgPbm47xwbgxcRbJrCwWf4hcpAUxY99gUurkkKjxG
2025-08-15T23:35:24.684Z,ATokenGPvbdGVxr1b2hvZbsiqW5xWH25efTNsLJA8knL,9.92,0.05040323,0.06048388,2caEAVCCdyFWD9EJi4KuwZJn1nsCg9Cv6po68wqP8S9nVYPZT17pNN5eW4SxkVtSYqGXzW5L6Nzvs1Fgwb5PGvX9
2025-08-15T23:35:24.741Z,NoEncontrado,7.54,0.06631300,0.07957560,5D7ZGoznGfdMqtsE6DQpyXzNrzo1k3QsYySBrP3uXTUBTueB971mpL6ornCVmpS4wiGpkwL1Bv1FMtKDnBnnMErD
2025-08-15T23:35:24.743Z,NoEncontrado,6.14,0.08143322,0.09771986,622eYhJVaBuWf6E4nQuiRpmqPixnr3GwBEwAtaRw1NNzkrSKTJxmbveDQdSAsEzCwk7XW5derSTvdH4QjhbPT6H1
2025-08-15T23:35:24.747Z,NoEncontrado,5.93,0.08431703,0.10118044,2taeuWhAzPXtYpRjVPCBsaA4KnyQRVZR2W2KwRSqo9bTUytJguvjPUnYFTE98jR3hfSqYr9sSMygyo6gjobEG3NS
2025-08-15T23:35:24.808Z,NoEncontrado,5.83,0.08576329,0.10291595,5KKYF14bqiTZzqNNdZAD3Wv9wNkxtvqrj4a3bF9bLozYdddwnNJUu7QZKfkitEiw4W4wtM8rMreKBLCyib1dfejU
2025-08-15T23:35:24.819Z,NoEncontrado,4.25,0.11764706,0.14117647,3aDG6H6zk4BGGzwsmwwutKsKG3R8L6mnhpizouxgzgxWPM9SG3Q6VEb33oKgK3ruiYMx6YnD3K4tuGgnazqTuPBk
2025-08-15T23:35:24.894Z,NoEncontrado,8.34,0.05995204,0.07194245,ecCxCmXcH94KM7czZ8hBijTufvfqyz4nrWDqtFWvNEY5zX7BSVGVuY7jpBi8nhgfUHpBAP77fcxeaD7aRD2cTuC
2025-08-15T23:35:25.052Z,ATokenGPvbdGVxr1b2hvZbsiqW5xWH25efTNsLJA8knL,9.38,0.05330490,0.06396588,3S37xf7giuuETiPVFpSqNkQY6oG8X5iszXEQdAAx2c3BQqGnXGk4MfqdR4RDtAFuL7Yg2yv8Qhs8Dx3TQpHwn1VC
2025-08-15T23:35:25.123Z,NoEncontrado,3.36,0.14880952,0.17857142,35Pi483Zq1HNUL9kVjnz2cVig7VsQyB1CLyUBYz3LsoBmsLZ8RnTQhJNS8PPxJonDwnLDT3WiEQyiEm91VfWUpCc
2025-08-15T23:35:25.143Z,NoEncontrado,6.86,0.07288630,0.08746356,qVgxAVoivtTHUcixBsWfWK6NCv8exbU8sY1oxUP74R4e8NXqFDmidu4N9eTygrUxjiTL6Ve83LoxX1eCKy6a3w6
2025-08-15T23:35:25.154Z,NoEncontrado,7.18,0.06963788,0.08356546,4GWbstk9FFX62i2tGqwmpxTzMY3PsH8euCKAHbw8iDmhtG7oPnz6YZsnS7CLEWqJ4EtL1uTqUBeZa9EzoDGEtiM
2025-08-15T23:35:25.169Z,NoEncontrado,7.7,0.06493506,0.07792207,5MDzSbFwktp7MqqCjqL88yPQSVQiwQQ11TYHRTsgCtP7AfbX7L4NoP1gEfgbFXB4k979rs8DwwkP67L4DdbxjHsr
2025-08-15T23:35:25.243Z,NoEncontrado,3.17,0.15772871,0.18927445,2LfuZQ2x4TVjNRte7dRPB39Y7ETCFJw1MJPmuRPuDx1VPG6JDoqxX41Dh51XYj2XFBf21CXXoa8LnV22ChDRk2au
2025-08-15T23:35:25.248Z,NoEncontrado,9.01,0.05549390,0.06659268,4j3rrHuQJX9FHCGTygPSCh4qasFJNTgqkdofMogHHjHWe9YVxrYJZKEudnyphXhFmkbSGsfmJLC4oqA6ytozemuq
2025-08-15T23:35:25.362Z,NoEncontrado,3.44,0.14534884,0.17441861,yybjtWc97bYhsPaUiHV11JZUyLqcHygXzL7Zzm7BX9H7cWueWkBcgcDBZw5U7wBkjLZ3Q7CM8rQxEM9wfzWyUjB
2025-08-15T23:35:25.455Z,NoEncontrado,4.35,0.11494253,0.13793104,JQd8mCXm2wojdqRWefipdXEz79iHTbm1V47xBoyMm3DCeVA3jEBR6FquMJwpxxZWsr1Bvw6sZ4sNWnmWWPR4zee
2025-08-15T23:35:25.472Z,NoEncontrado,8.74,0.05720824,0.06864989,2NgEpN3LdCKENRvNmVjkWJponLW5GA6vLe2KUVwdVceHUzuYEVvbQPidtgYfAeqVtTNctaV4Q3bATNsTqFxVpjAW
2025-08-15T23:35:25.502Z,NoEncontrado,7.19,0.06954103,0.08344924,4T9fdsYGcF6BR181RBkszyMcz5E1rw9LvYd2puecUgnfJrByE7PMouewtG389Ten8eAe9CAJJXKiRGCRDKbdQJJw
2025-08-15T23:35:25.515Z,NoEncontrado,9.43,0.05302227,0.06362672,2V8zTd9N64MekiMKiBhLkEPkbrqCEoUFyczxKdLx3ZrUaRiDgfmfjCSBmkEFemLCZfgrPDWTAjmdhyqNpy1Lb1gj
2025-08-15T23:35:25.531Z,NoEncontrado,3.39,0.14749263,0.17699116,3rWjLfG7wTh3cgt4ZKKxb6vvjSiFcGCqjv4cGHGiexg2szshdgKdUz717XzPaAqTRFLvaNYQWT4Es5oivAR2QYQL
2025-08-15T23:35:25.535Z,ATokenGPvbdGVxr1b2hvZbsiqW5xWH25efTNsLJA8knL,9.2,0.05434783,0.06521740,24CaEsFKiLRVCMvXAjzYkSZTAe2v2y4A5M4WcokFAyqSFjnwdf43F7c3N6Kt47mV5ndvS6TzxyypMh55pEaczc8H
2025-08-15T23:35:25.537Z,ATokenGPvbdGVxr1b2hvZbsiqW5xWH25efTNsLJA8knL,3.77,0.13262599,0.15915119,5uEe4PUdMHgcXBu4n3SFGhqmo7jcpdyBW6whghCMvSCPuaE5bZwdBFip3q2MVhzsLCsMSkEenx5THefvwJQXVDBx
2025-08-15T23:35:25.551Z,ATokenGPvbdGVxr1b2hvZbsiqW5xWH25efTNsLJA8knL,7.72,0.06476684,0.07772021,2y3nLgu3vcRjKKoEJ92YgvCzSy6jBJJJP1L77NJjEaAjWVv9v5q1iF5DTHWteMYaqYqcSjsQcuk82QNo6MwpHGKm
2025-08-15T23:35:25.552Z,ATokenGPvbdGVxr1b2hvZbsiqW5xWH25efTNsLJA8knL,9.91,0.05045409,0.06054491,3y6mqnJENbmJME4uDXbUMQotniuNEQ7TFL1sU2yGpeLBAtW6vniEF1e2H9p9NdrgyqJfMWWmGFun5w21GR6rHoiU
2025-08-15T23:35:25.554Z,ATokenGPvbdGVxr1b2hvZbsiqW5xWH25efTNsLJA8knL,2.82,0.17730496,0.21276595,vjPJNaHyLUGHabzBNq7pTUo7CStP6uhECf3qb2JRtwrR7v5rbEnNj6QMMiwjrWMu3Ntbzf7y1G8CypEK5s44rhd
2025-08-15T23:35:25.561Z,NoEncontrado,4.92,0.10162602,0.12195122,4jTWAet8crUVq6UZKvTJy7dmC1YB71KeprVJNPf3QubNYbpN3vWrzonViWzM4m6ugYRWszD1zXeCj44Y27LJS6eX
2025-08-15T23:35:25.564Z,NoEncontrado,5.01,0.09980040,0.11976048,28RRkeAtTEV9YCS4MMXyE5Yyze4UoZVPASu3umxmfGw5tX1DaytLhzL7ZDZMtueT3Rj2Mu2V7PezmQ1oGMkKpHTF
2025-08-15T23:35:25.566Z,NoEncontrado,9.27,0.05393743,0.06472492,4iwY5YDoK8HjNSRkhEtb8YW7rkPVg2ZweF7UwFmqNpqtTvFWEBCm9F9PUddZuSfvVwozz9t4PGEKZHjCCrHUJeyF
2025-08-15T23:35:25.569Z,NoEncontrado,3.08,0.16233766,0.19480519,36DvzQagGvGdCp3YbXf4TR9iVxG9XXYfHzMU5FfWQXc4eeedeA3FnyPCo1FDv9piGw7XjucicN69w9L7oLK2XEsT
2025-08-15T23:35:25.571Z,NoEncontrado,5.24,0.09541985,0.11450382,2MvT57UVEPCJ2eB2U5EyQLaKk3N6pX3UwJL4eo9MYTT4gfzWDGYs4dE93nA4BcaySRdsLnHA6LBQ2ACgqgnrGRBV
2025-08-15T23:35:25.573Z,NoEncontrado,3.49,0.14326648,0.17191978,4EzAeQYuetTZMBrkCNSRe81hUHGs71P3nn6cV27pTy4RmiZm8jFFjgMxxMSJFEExJ1E91p85RBs3AqFLc1MJiGeS
2025-08-15T23:35:25.575Z,NoEncontrado,3.81,0.13123360,0.15748032,3fuTGJRr56zJBG6J1f5EDV7Xrz3F28avdi6QHm7HFLTizAhQio2GdYHvkqAfYyAc4V57Y3EjupUwrkJHzvn1Pph7
2025-08-15T23:35:25.576Z,NoEncontrado,5.67,0.08818342,0.10582010,3RK8PW5nwzwCvUpYYPb83GyYti1qoZh4hAf6poEwTNwKB2qUWsDZQjgJeJ8ueXirYMQ8nKnxDpjmJCWapEgfnNxT
2025-08-15T23:35:25.578Z,NoEncontrado,4.83,0.10351967,0.12422360,5BT9NVazyr1cipr3GpYa2FtPEEhGbadbkHA3TnSzrAFm1C2wLEpw3GydnHrvJf2RHwqRZquazKukpnigVS9eJeW4
2025-08-15T23:35:25.610Z,NoEncontrado,6.1,0.08196721,0.09836065,4kjk9oDWZsKrK8XAGto8Mncv9b42PQuWy68at1YDejfruiEZehNE7Ry8N7A1n7yf22A8s2uM64YEWGMNf4myd7X7
2025-08-15T23:35:25.613Z,NoEncontrado,2.89,0.17301038,0.20761246,3UVyGxcWBQ2EqZToWZLku1U3wNpSScwQjaWHCMMRLdNXVRKn7MMF4q8SqdfgFm5r2v5Cu2aFqsushwNB4e9EJq5a
2025-08-15T23:35:25.624Z,NoEncontrado,6.64,0.07530120,0.09036144,4TcSAUxx3VP6RXpmXafUoAT9Y5kQdia77EyqxmdifKXEQvVe8t5gHnfpabVVk5kk7S9zGPzS7TRUWptCyH4twTbg
2025-08-15T23:35:25.750Z,NoEncontrado,8.9,0.05617978,0.06741574,5zMGBTp82aQk51Qi2jGDncG2b1Vrfvmq9atuX93RpwcBrYBqiywMdYouuNN1Z4DzaDHCDi5L26poEWM7an5vUpCi
2025-08-15T23:35:25.761Z,NoEncontrado,4.11,0.12165450,0.14598540,3PErmgvZGE8QUp85yJnSfv6JmrTt7Xi9ZitgzzL9yDHTTwRuDwbGZXENn7LsNQrJHdboNsxR3AFVopPp35yzSwJU
2025-08-15T23:35:25.763Z,NoEncontrado,6.99,0.07153076,0.08583691,qu1UxhRDG3842sUyg7oyqtCMiDReQCGvwX6kjebTFTnjY3iievgPjFtxJ4VXz7mqQ26cxonwpnCsPRteXZ9sFpT
2025-08-15T23:35:25.765Z,NoEncontrado,7.68,0.06510417,0.07812500,4UtSKWUrDDrcTqncXmnFyKTKYQujRtzaL1f5L2qwsCP9eKMxWKeYwFLfEjG4Gn886Vy6gWjAVuzAcUz84LH2L8yL
2025-08-15T23:35:25.768Z,NoEncontrado,3.6,0.13888889,0.16666667,5KrLfDtPL9gHcWjDnayHN2jewM2eEif4esmyX5U3BthLzgrVoYqTqt4KEReNA38rZDVTPKqarCC2rqBUpnkNYy2a
2025-08-15T23:35:25.771Z,NoEncontrado,7.54,0.06631300,0.07957560,27zULXTgNBa2BTpWyXS9QAnk55spD5A93iduWem3F9yn1Hfo4jNjE2fxjwKTFZeFeDTFuWqBYrkX2L8dFWpqsWVn
2025-08-15T23:35:25.773Z,NoEncontrado,5.34,0.09363296,0.11235955,74U9U67zHoGxbk9ntTJjtadRPGmidcuFWtAPyqfkcXfKjedW7fZhbcV2BxMqwdMtFEQdA1sPKQu3ftFsU4Sb3nA
2025-08-15T23:35:25.775Z,NoEncontrado,6.86,0.07288630,0.08746356,3cy2ZMmduFwUbHxkuMx7bopLAfcL2xeu1zufngjFYtsN8UmDdctRf3gn9gSKsfmUX3sQUjrfgfNMTsjqAz85RZBa
2025-08-15T23:35:25.777Z,NoEncontrado,7.34,0.06811989,0.08174387,27QHKhxLnpQXNJinh8EpnAJcjmpfyG8SJG5ApLJoNCiqSYwZFd4apeL4yZqweoPAnJueuDjHgYUkLbdEyDAwwqSf
2025-08-15T23:35:25.779Z,NoEncontrado,6.58,0.07598784,0.09118541,3v6YpTcJGMSxQ9wmLYj4vkGPh6hqjFHDsQ9qEBTkLbMHqREAge87Ma3Dz13o5gUxWNWsnBoqA15u4RyepUEv9Nmi
2025-08-15T23:35:25.782Z,NoEncontrado,2.63,0.19011407,0.22813688,5s57gy2MwF6Nv7Jy1anbCx4jPn3QeV1x91xdfFn3eC7RZSP9qqWdifdHbeQ9cCSgSrPzBHPoHSTVDbnvHp1UqYWc
2025-08-15T23:35:25.784Z,NoEncontrado,8.83,0.05662514,0.06795017,3DTWpwKmUo1qaxooUaXG9Zr4jBBisMq9qqV3V1FBe5nSh3WV95qgTGb1FeEBYpyhLNPM8mx9pyMqfXX1J5vodj9i
2025-08-15T23:35:25.786Z,NoEncontrado,9.63,0.05192108,0.06230530,2eVUcL2Ha5JtWi846otGzxLVbcyyA35VJ3ZggcGaPre6TwcCCkgxvkTDQZhjbYc4NRhqAth2KVgjQrT3SMLQrksr
2025-08-15T23:35:25.789Z,NoEncontrado,3.38,0.14792899,0.17751479,4B5YXafiSraNkHbPxCkwatUPKjeH7gPtmie5SpZ4WYGEVYafGsSLLEcw1ULURk4LsQzkxDRnefvb1VEVxZW9FmVv
2025-08-15T23:35:25.792Z,NoEncontrado,9.29,0.05382131,0.06458557,2awGWMkVWhZsSafv5GNzfX3aPLnPoFZj5PNaZNVyh4TyoqgYcqPaZeFFbLh7eMf3LAmwpWSu3m5uSxzsjGSYC2bo
2025-08-15T23:35:25.795Z,NoEncontrado,6.59,0.07587253,0.09104704,5rTipJgkr4DEQThzsbFKb91PRg5KufzsVV8yPY3qhxv26WhLFxpWmBhHMf3DgEtzEkkfjwRmVBjjAt6NLVxAC9Wg
2025-08-15T23:35:25.797Z,NoEncontrado,9.79,0.05107252,0.06128702,2hTvr6sYwygYJva1w87FRmrqxrTLdAPZNsR6radRtrrWwxag73Nv6DQhvQkZQNGBPvWbUGP2A1PCzdHmMotg7ece
2025-08-15T23:35:25.799Z,NoEncontrado,3.71,0.13477089,0.16172507,dbJ8NaNUD2PymTftFKzV36gV2Tnc8fVMj3rB9zdPYZ6YUHHjeT3x7CwzvcTcL8p97wcyDCAo6nHJn4Yeq5zKESe
2025-08-15T23:35:25.801Z,NoEncontrado,5.85,0.08547009,0.10256411,3Uz3ZkwPewqeod1cb2Gc5R9aUq2mRaDn79vDJvCsauwFkyEY9ZacDmdBTNqPD5y9d6GfDrvMUMDyC8Ws68mVB4j7
2025-08-15T23:35:25.804Z,NoEncontrado,2.28,0.21929825,0.26315790,5jssprumWBshuZ2NXBfukmMHK7o6G9AUe1yLZMWsXbUnFz1o99eAA5FfsLbKXAAbDh8a2JGkaredBJzWivGjhSst
2025-08-15T23:35:25.806Z,NoEncontrado,9.25,0.05405405,0.06486486,4WR8ghwGLDr69evi1wmqYJDbEdxGaN7i12j5DmUdmAbzVgvAF4eik5DwNaNwEupykuyCuQtJYmbzuse5fj2C8727
2025-08-15T23:35:25.808Z,NoEncontrado,8.64,0.05787037,0.06944444,2FiUethqBUt75EpPQeEztRTUZh2ZfgvnuiEVRHmx6uQBZ5Fr446dEEbi3H8pQqpbQ5ynpNKDNNybvTGbnNNtQZNS
2025-08-15T23:35:25.810Z,NoEncontrado,7.03,0.07112376,0.08534851,4Nr7ZF2Tf7zqPtEwRJkbHHLmWJybdRisNKAQASMQmxCcUNhNfUw5Mz9AKdnFB167dALpHBe4v4RuLYnzUSvcU2WG
2025-08-15T23:35:25.813Z,NoEncontrado,8.32,0.06009615,0.07211538,2H6RpTgDhshLu5fZFcJ1si8apXqoU6E5b2QuzcSqX6MokaBhrFsjhzeC1EDkjRWkAzjwaDbcTpLTT6wQVCmmAxuW
2025-08-15T23:35:25.816Z,NoEncontrado,9.16,0.05458515,0.06550218,64MdoXXKXwEjSpSNrffsSh2Ep1gGYU7GYgczT7SRSgvbBvsrdQWd2jvNZV26e78yzkcjjNbo1Q96TSZxZNiidffB
2025-08-15T23:35:25.818Z,NoEncontrado,5.35,0.09345794,0.11214953,4jLwFTSsoeqr3bnvPA6RRt2P2i5XfAnYDECDrM821nwYpt5VvUFJ7DTgH7NpDByyQTn1v1JjYdxSSZpSNvo9VCh7
2025-08-15T23:35:25.820Z,NoEncontrado,8.08,0.06188119,0.07425743,4Zc8DddyzT3z3UhXuqRod7PZSVDY5UnaiH68bj7SXfbUjEowXDgDkgQhLR4XKVpFy1nrZeZTr36twH4eNwuEkffD
2025-08-15T23:35:25.822Z,NoEncontrado,7.3,0.06849315,0.08219178,AuPLzxTQVm4jpsSdKe5d3rcq3tuYCQjGcrBsy7t81oW8kpkRJJdr5rJiDnHsxzEzrWCSzkbKC4rZrGsQbJcFzER
2025-08-15T23:35:25.825Z,NoEncontrado,7.48,0.06684492,0.08021390,5K3NufTRkovqC8cCziRZL6U8v6LqJgmQh9uawU3F6MtwNQ6JmPgRZqhBdsuitDgPpjwouZJP6cpp6GpM2gtxTNVN
2025-08-15T23:35:25.826Z,NoEncontrado,8.39,0.05959476,0.07151371,rrki5bxG3WggVtiE8axTVfn3VqGrrbNe5Fc1iGsa8ZxLCsa87B4vndtkA4inaUmjFWh5fs2JXCSKhTx5fKoty7o
2025-08-15T23:35:25.828Z,NoEncontrado,8.32,0.06009615,0.07211538,4eQg17DmwPkjfcPU5g6QcgstW7j1XkomiioqFenoGu39jqjfPYGekfmRj4euARNr4cfx4gDCMFShXGtJzP6hah85
2025-08-15T23:35:25.830Z,NoEncontrado,5.83,0.08576329,0.10291595,3Adns2LFYrqcJgkzcEH6ADjbfbpsvGfKDfPH9QRkAr8TQuAqKMH3SXNJj6FTqgQpBcaqtT5gzUnwq1shJXKruhTP
2025-08-15T23:35:25.832Z,NoEncontrado,3.2,0.15625000,0.18750000,4b3z2S3FH8cqwrh6tjxvbbLXPWSFxJ6yB1GsMNRzN3Wp2py2U7hJRhoPj22fhEG1zVsYCcdy1GhyN4NFZxHAisQM
2025-08-15T23:35:25.834Z,NoEncontrado,7.14,0.07002801,0.08403361,fzSnpyjD8f8gNVkeSQecSypTHxwJibbecNvN7hRYdwCMCcD49mNUz1GXjNUp6EKszrJZTre8GZZkMET9TJEWrS3
2025-08-15T23:35:25.836Z,NoEncontrado,8,0.06250000,0.07500000,3D2Ndf1En1sQ1eD6MtSbyMVyG1QqqwsqaryUVcLCRA1Bf2Fyf6f2AvWsULaLhp3FMCeytpZmkZrAtw1nRxZmXzg4
2025-08-15T23:35:25.837Z,NoEncontrado,4.58,0.10917031,0.13100437,2MPw5N54Bsd3n8adC752Bwfi8PnjKY7BJRFbnPcz2wt3NrbsEJK5MCukCLw23Uc7uXQ7h4MCfFKWPDwxP5VHyDcf
2025-08-15T23:35:25.839Z,NoEncontrado,5.77,0.08665511,0.10398613,3S4xZKY6MrgF4Njw9zoU2Kw99SXHt3JaiJHs7MFsEHerDr13pQYzCrA4nN4UuNB6vYqABPNKShwPMv9PJSLDZ3s5
2025-08-15T23:35:25.841Z,NoEncontrado,2.99,0.16722408,0.20066890,4YqJ2iW3jsWfus1xdpukegcmorEcNyGAS3Q86fXh2o2UK3j145gTwi5B5eLJipFFoRv6hFdHAWS7eAHpBrFS6HBs
2025-08-15T23:35:25.843Z,NoEncontrado,2.51,0.19920319,0.23904383,5XpY9NL22KQo21tf84Xvg4MWd6DcfJGkvNHkD3A2m3Z8HCEKdDxV93V3RZBeZ1Z2Ea9ZxQrwacKJz1Jw4kDAuESK
2025-08-15T23:35:25.844Z,NoEncontrado,6.11,0.08183306,0.09819967,3tc7cnBwnp8vsFGHa6vau1VJA92xW54PijhoTxcVnjbYNmbNQ9kBhZQDgxn4TF5K28JyMUmgSyodfcMMmfXUcQ73
2025-08-15T23:35:25.846Z,NoEncontrado,7.6,0.06578947,0.07894736,5Rpcz64iCNK8TnoDEhcdx26mAFeFioRUcNpS2m52K8DapVLE8hyFVLLrVykpmftQk53Eh3w2ZsWQcLDjUNL2Ph2L
2025-08-15T23:35:25.848Z,NoEncontrado,6.37,0.07849294,0.09419153,5ANrUu4X23rLppwmuYe7QN1xCCEfjjqizHW4WnoYzRh6UHarpqYMQxx7G7QhmBR5LccYV14vjBKvhBwrddSHhT7g
2025-08-15T23:35:25.850Z,NoEncontrado,6.27,0.07974482,0.09569378,2efGwCbVKU1Xq754R35TUjghUNGemKhqj7d15snXnsstigy2QrUKFT8VDtoSubYdUiV4dc564ryXjFUpLNTtRtbx
2025-08-15T23:35:25.852Z,NoEncontrado,5.02,0.09960159,0.11952191,22Kec71cKpujqfiQhrk7McMD88XeorEY79dY454fYKgphYmazhZPvCxfYa23xZDjJeTKEAobwh4MfFBEY4mt1yrS
2025-08-15T23:35:25.854Z,NoEncontrado,9.23,0.05417118,0.06500542,3QFnfovVFRtwkAV71ev9QYrmWvAnqGrRDft3w2aL4R1YtfnJ6wkjA4xdVqFMAXNeW9DnpPfteTUxNP2hZ7sggBwN
2025-08-15T23:35:25.856Z,NoEncontrado,4.78,0.10460251,0.12552301,3nSo9Wgit1MahAHWdQ5F9dWFuWmwmTkoPFBZkTMTVMYsUkjMZ6qzdKkKwteH96hkorCkW9mheS6ohxNSgwHgd6Z4
2025-08-15T23:35:25.859Z,NoEncontrado,3.22,0.15527950,0.18633540,5dpNy3M2mxYquoSDZtGKMv9tPuUBBVfUHGEKQ7zbSCuz3eizFEPv4NX8dvvf4pGUxtU291VwMh8NvcdxSvar4qnr
2025-08-15T23:35:25.861Z,NoEncontrado,6.03,0.08291874,0.09950249,46dJhPo24uwSqoBYWwo6iyY9YrTfqR8d8B1BSVbDznk2hYB9fshRQTJuBFqH3KcvkiFS3rFfj8VnMVfoTya3x6P8
2025-08-15T23:35:25.863Z,NoEncontrado,2.48,0.20161290,0.24193548,2ytpXeH61ZUELqebbKKNM8LgFEAKekTVJ3AWMt2qyXiZ8bJQF7QeYeMy9nQFaastXywMEHsZukUeHXyZ51VDTRLB
2025-08-15T23:35:25.866Z,NoEncontrado,2.03,0.24630542,0.29556650,4X9vdh6YkXcv4zKpwMv6g4mDGaBtHeCocrRTJ5pqCsVbRw8WaXiUvoFs8eKZ64XxYAmY3hhkYh4pryfmzDHKq1yq
2025-08-15T23:35:25.868Z,NoEncontrado,6.22,0.08038585,0.09646302,Rg4z7Zsi7LgExnz78nExdeeZxsBE4r986FDkw9MPEYG1QNDnDKyj9CXWyPWj1LNHxquo1pkWq1NZJhDXwwqbLX6
2025-08-15T23:35:25.870Z,NoEncontrado,5.42,0.09225092,0.11070110,2DhNpbG2566HgvYRWsruhZf6NNMVEyZ6mRej8ALFg6JoGRJJqFJRCj9YJdGTWwb5R8C1Ucardxz782ob626fEUXe
2025-08-15T23:35:25.872Z,NoEncontrado,3.08,0.16233766,0.19480519,yvkxscWQ3iPHkL13EjDPx7kQXJekLGKCcmkH1oNGTeZDh2psCRPriuSYFnrsTTvEddoAXtSEYg157TxY1V6CuHG
2025-08-15T23:35:25.873Z,NoEncontrado,4.84,0.10330579,0.12396695,59UC4RMFWSYQhQqmieWv5TBhBWZvcjVFtaqYHQDQM2yeYYfcoDUQQ4Pyi1uYtobF46LbyncqmTEoogUAR3EDvoJ8
2025-08-15T23:35:25.875Z,NoEncontrado,9.28,0.05387931,0.06465517,3mWJnfQ5AHEXwgYTheZzwZU14QvXWZBmLGsrZFxQLZ9b4MJNhszujMWTBe4Vwosx522cUJJfvGDgjE5rd7AriiCv
2025-08-15T23:35:25.877Z,NoEncontrado,6.53,0.07656968,0.09188362,3P3N15mv2ZbUZDekSuS288E7DXBs19H3X8NM86V2DcAoa4pY8SYQUtLNujQzzjHDj7b2kQCPPN85HT38Be2joRTG
2025-08-15T23:35:25.879Z,NoEncontrado,7.2,0.06944444,0.08333333,38jpqXzpFcEVGuwTcGQrEMv6CnKsUFsX1s1819kxWs3BmcfQyZ68sBTDTpeYfewQEQ9Ro1os4qUt4R7bqfnvNhYf
2025-08-15T23:35:25.880Z,NoEncontrado,4.19,0.11933174,0.14319809,4c3LiydFv7kHC7GE3SvoMuKPeEYoK5HCxfkhjuUPzMYgaWdZ5kvgMiJSiSKY2xtvwFWNZpHakmJiKhcbApHVQAUN
2025-08-15T23:35:25.882Z,NoEncontrado,6.29,0.07949126,0.09538951,2VMRgdbAaghgVdnWPhvrFSN7kwYGoyB7uFZ8QB57ZJTkSsXB8wif3UAE3LmUzUxz3sFQzJrPcb1mFZpfgj2pzWeP
2025-08-15T23:35:25.884Z,NoEncontrado,6.97,0.07173601,0.08608321,3u6hPps5sJCKYq8sjnvKH8za9DwHsU6Suxb6wqgcURU8xuvUbFpuKdKieFpHvgbjuBAHvf8KEoHBU7HJy5yTnYJk
2025-08-15T23:35:25.886Z,NoEncontrado,6.39,0.07824726,0.09389671,5y5NK4QZwE1xSMTFNuVBfhTUsTicJMvCbiUKEspgQm6sLdCJhHxovq8i9Wepmg7pKsDpTY8hqaPF2Ta2M62zW1mM
2025-08-15T23:35:25.888Z,NoEncontrado,3.74,0.13368984,0.16042781,27iGsrGy7kmU22Vo8pkisaakQZphFehiVauyLk35AQP5vmDfpgA9oMVKL9WiiYpT2gAtDwEAgFb7MZ9J5D6uZyyK
2025-08-15T23:35:25.890Z,NoEncontrado,3.08,0.16233766,0.19480519,4uKBchHUyCHfZZiDjKSAziwBeogaCuQA8NUEWVTjdCTRKj8WKA2crPuywpPQpsbBi75upzCPkCkfc3y9KAv6ZpSL
2025-08-15T23:35:25.892Z,NoEncontrado,9.65,0.05181347,0.06217616,2A651CwHFYiwZGp5AdgbUQoKyx77TYJ3NsDX2Sgvj98uwVfm1iP8JZ6ivujjnfCjLY2FkoumcRSkzDu6cd3T2i8j
2025-08-15T23:35:25.894Z,NoEncontrado,7.36,0.06793478,0.08152174,4rc92xaL5Jiis2EhV27yVNtAPabMe647i3UW4415Zuoj1ASBHg4866Cfyiw9M5BCb5EnGiS2f2oZkbgsVbEsE9vW
2025-08-15T23:35:25.896Z,NoEncontrado,2,0.25000000,0.30000000,37yXyty6aozgc4YkNkMtd4B3i2SV6mufNMnXBQVzR7oGqNnkg8c978wxkybrrQ7QNad83VMTfxPLxXVBUDJuH2cQ
2025-08-15T23:35:25.898Z,NoEncontrado,7.34,0.06811989,0.08174387,vCnidsp1tgAaqCB1bLC4uVkFGEugNGtUkvAkXmN5ewk2xRhWXz4GKvpgrm3hRoWvLEXZogxY5cJSsXiRowQG7mm
2025-08-15T23:35:25.900Z,NoEncontrado,4.47,0.11185682,0.13422818,4xKJvEzh5zV9vegXFCa9egcGeb6MZk5ehuWH3akXKSL3TJDKi5x2L6rHGjZcomKPkeZsBJjp7uaZPqp5VLM5YM9A
2025-08-15T23:35:25.902Z,NoEncontrado,4.21,0.11876485,0.14251782,5ARCiR3sbh9s2ysWSMaZLk2mbwEEho6TqaWrhiqFQB5ZjZ47oSQ3gyGpqTaZYAm5QLTJAo9eCTx1LRM8B7gqW4dG
2025-08-15T23:35:25.904Z,NoEncontrado,8.03,0.06226650,0.07471980,495sftPHPAPDU7nba1RzeykoQcb1iWQp1V1DXZKk1uD6PmBpxJTN33bxxVeUT5JKgkZNZiK1dGg85KJcqbPzomuE
2025-08-15T23:35:25.907Z,NoEncontrado,9.18,0.05446623,0.06535948,4LrrrDdGyMxDCBXkoGGy1BsM6LoHigmZtyxodWrhLxtCyufsmzse33Qj4ZQS7sNwNUhvBYkwk3gPbvfqPoPK7y9B
2025-08-15T23:35:25.909Z,NoEncontrado,7.2,0.06944444,0.08333333,5U8tt87dtCWN37MWJ64oQ7uENoe5anuKQ7xKg7RpY4buM6jLUErw6Gth8y3BdnSEZfd6j4GwXKYyrouzHAHyXAV4
2025-08-15T23:35:25.911Z,NoEncontrado,4.77,0.10482180,0.12578616,GbrV7y2xSrQSXZU49HV9DTjKjUybiD2eJ7fvDJPZTeGydMy2wUKay9cjUZ56fqCmf8Tqxq3fs41uSBnSjVJDLNg
2025-08-15T23:35:25.912Z,NoEncontrado,4.44,0.11261261,0.13513513,47EotLhJZ2ubjU3ZwDEC7N9KQzgc6RJFZEeSrWs5d8x3r9d4XDARzLSunpujRK24BU6C8Q1BGLYdZbr6S2kMqcc
2025-08-15T23:35:25.915Z,NoEncontrado,2.78,0.17985612,0.21582734,5NXMcfdSxXDB5EyRke7cV6LoGhrLF7TpC93bV18w6e4DzxzaRVqqsHp14NbYrX76K9BzUAg58SvRXvGpyfaktjZK
2025-08-15T23:35:25.917Z,NoEncontrado,3.86,0.12953368,0.15544042,2FSRhKtTPtja8xvvsmhnqPSvRwPx1dUwyHjWfanuCvJSmvf8degrjMm2FkWRiEowZyWoKS8VDkLvQe4zXHGQUnjo
2025-08-15T23:35:25.918Z,NoEncontrado,9.54,0.05241090,0.06289308,5ja7XgPQ69XPjPMq1kYv7cpYwigg1Xf4Asx81u3SDNfx7mzwzcmZ8ApknrtDY4ekCDWZuDRLENYfNohgWa4F4QSd
2025-08-15T23:35:25.919Z,NoEncontrado,4.42,0.11312217,0.13574660,N9k26Mr56x51kZA3X36rnt36v2ChquX42HmaKF6yGnMSPKyHeQ1ZRnqYKkxywhv1aJWnsrK7L42khJ2G8N6AZsb
2025-08-15T23:35:25.921Z,NoEncontrado,6.98,0.07163324,0.08595989,2cU8gWnqgJwC3vchvNNk5mQXz1RmT7SoYUcRDzd3TqHtE8R3BssRDUiU57pp79XJZWS2Ey5fAAvzLWxiTBZ3yxT4
2025-08-15T23:35:25.922Z,NoEncontrado,9.48,0.05274262,0.06329114,4wrG2fAr4Pfvpi29CZNsmPYc5ogv4wipYL842JFJqJ4PPBF6DRrZgDJfFZQhSbLBGhc9zjJWgZDStssUcBrnGvfv
2025-08-15T23:35:25.923Z,NoEncontrado,8.83,0.05662514,0.06795017,RE8oCdh1Q79SagJg3ti2SQU6u6jyP5k1Vjex6VPc2AgLkjpS98PKVyqLhYg13W6VSRpazZweij7v5bAZ7sHf8ZM
2025-08-15T23:35:25.942Z,ATokenGPvbdGVxr1b2hvZbsiqW5xWH25efTNsLJA8knL,4.41,0.11337868,0.13605442,24PME5bSdoSPNUBH1D5Cn6jAYRAERbqofuDXBTYYKQSLV4kRvY4eQy3a7ecVQ9zY4PV5Xirt2fuY6LerhVpnrNYq
2025-08-15T23:35:25.944Z,ATokenGPvbdGVxr1b2hvZbsiqW5xWH25efTNsLJA8knL,3.48,0.14367816,0.17241379,5gz7JT3QqbSpchkfwxtkyaHLzZyZ4iiiYegevGTqx2B7duHqZLvkJswWJTYT4We8c86XPxcYZH9dxXUmyGKZZrUA
2025-08-15T23:35:25.945Z,ATokenGPvbdGVxr1b2hvZbsiqW5xWH25efTNsLJA8knL,2.57,0.19455253,0.23346304,xkFR6KXMnstejYDZVDfWdethxiLC5v1zgHDYTL9KczefDcG9LGZ62rVLiPZnPAJu2iZPYfeH9bXiBBdThBmvunx
2025-08-15T23:35:25.946Z,ATokenGPvbdGVxr1b2hvZbsiqW5xWH25efTNsLJA8knL,4.68,0.10683761,0.12820513,4gq6B4H8y197WiJ89HGCEhvmJGdoTbW6vSqwLM6S1fS2nx2iCWFpuD1MaQp1rMPYUDRR6Ua6CNyremz4h8sEHmef
2025-08-15T23:35:25.948Z,ATokenGPvbdGVxr1b2hvZbsiqW5xWH25efTNsLJA8knL,9.75,0.05128205,0.06153846,46SE1PDfvYfaKSfqyZvuWbwrPtP4HX78Pc1MYP77PkLWfHJBdHfwQbaov822BLrCa635RzTkAtbME6ECypdPC9M3
2025-08-15T23:35:25.950Z,ATokenGPvbdGVxr1b2hvZbsiqW5xWH25efTNsLJA8knL,3.29,0.15197568,0.18237082,5JxjSxXejZuop5vbCRuNHwvN7CYQEWoxvKJbRvjGTNmwbE4GNWCBkKxuKPWYUnzv4rErSFTTBnq7hYHdpwKHBQJe
2025-08-15T23:35:25.952Z,ATokenGPvbdGVxr1b2hvZbsiqW5xWH25efTNsLJA8knL,3.87,0.12919897,0.15503876,3bPcgK3hx7m7yKTDScKqGrhHACdv3QDs8ttUffAnhB5mQgfSFiWKKFhbed3jircKDmDaspAFz9TTB7nF6813td8C
2025-08-15T23:35:25.953Z,ATokenGPvbdGVxr1b2hvZbsiqW5xWH25efTNsLJA8knL,2.01,0.24875622,0.29850746,43U21zEWmpiBxKbQ8QpUaXUvc6e7XJFZMmrVMK5bF1Lzm4PQuSTTi1QbPkUb7G3cxutGt7cbGfcjiBBpcJm9Uaii
2025-08-15T23:35:25.955Z,ATokenGPvbdGVxr1b2hvZbsiqW5xWH25efTNsLJA8knL,9.09,0.05500550,0.06600660,4yHveurw3JGooGxZCq7ahiisQvb7kr4tn9E48busjFQJNf7LJkFDLvYQPeXjwdvJs1V3DBVmXZHocsWwJ7qN5mNk
2025-08-15T23:35:25.957Z,ATokenGPvbdGVxr1b2hvZbsiqW5xWH25efTNsLJA8knL,5.97,0.08375209,0.10050251,52JHwHfqoLKFdeNwNwkY72wAV3JQY4C2M78mG36jKMvar4a5yotorj4svwkW9dbCYG8zLk2C5SAUR99kCeGi92TD
2025-08-15T23:35:25.959Z,ATokenGPvbdGVxr1b2hvZbsiqW5xWH25efTNsLJA8knL,3.12,0.16025641,0.19230769,5bcapijpHyvU8eB5awzg3G4FduZ5M2Rw9V3Sim6pmnig8CobQwFTek8YTQXD3rT9eNUbMHXb1RC7P3p8aWsq4h52
2025-08-15T23:35:25.960Z,ATokenGPvbdGVxr1b2hvZbsiqW5xWH25efTNsLJA8knL,6.83,0.07320644,0.08784773,9ko5RkkeH4rA9RKYkx4mEoTgbidH12948P2Eg6qMo5bVFB7FnRNspStW71R8potgKZnfiHkirEr6bnZ6FQZE2eW
2025-08-15T23:35:25.962Z,ATokenGPvbdGVxr1b2hvZbsiqW5xWH25efTNsLJA8knL,6.64,0.07530120,0.09036144,3261JnPFVXYXWyDcBbBmwk7VTf6QhaeX9QFQqD7zjCtjKooyWrGtMg6kh8VZfKAeYid4b4k96Qiwos51XSRJotLF
2025-08-15T23:35:25.964Z,ATokenGPvbdGVxr1b2hvZbsiqW5xWH25efTNsLJA8knL,3.66,0.13661202,0.16393442,CRBBKyVZenmaPXKecRQu5Sne5AzJc5qSvfQ9J5vHd8q8EBLaKjVbtBVrEATiCJwoqwDv5f2Qodp4c4Wd8LKv1qf
2025-08-15T23:35:25.966Z,ATokenGPvbdGVxr1b2hvZbsiqW5xWH25efTNsLJA8knL,9.77,0.05117707,0.06141248,45kJfEbDno3qHPiN8TDjnxoZD4gnkNXzXc8Hr2XXBwtyNZAGV3bNBUH1N8aduv4MTZ45cETagQWPptnKnw2vaMrC
2025-08-15T23:35:25.968Z,ATokenGPvbdGVxr1b2hvZbsiqW5xWH25efTNsLJA8knL,4.11,0.12165450,0.14598540,51CBkT2gAafZRw7A6yNdnZRWihAYp6dgj31YH1NC4v8JWfwFPWhsx6RE8p2yCFKqpb8sLw4XPgK6t4yVfTW76BDS
2025-08-15T23:35:25.970Z,ATokenGPvbdGVxr1b2hvZbsiqW5xWH25efTNsLJA8knL,6.96,0.07183908,0.08620690,22TwHL6RtAXWd3MeLG4aYCx6aEEPxfkPuAJGC1kVYr4p9L6hpBVCtPNY6mLxKadAzvk4rfmqrdGYTtRzCumbZBRE
2025-08-15T23:35:25.971Z,ATokenGPvbdGVxr1b2hvZbsiqW5xWH25efTNsLJA8knL,3.21,0.15576324,0.18691589,SyhfFJXzbgoD6QZVao2CtwcUegQUvYstuFEZQmfbtxJNN6zknZbamUtryCCawwYAxUPMbHgGv9z27UuZoAAnY5A
2025-08-15T23:35:25.974Z,ATokenGPvbdGVxr1b2hvZbsiqW5xWH25efTNsLJA8knL,5.76,0.08680556,0.10416667,4b2wZr4WJQZpgRHXSKppz5DoUgQkFnaPU9EqvEh88Z8N84agi43JjdSG6SbWpN5AQdZjNXdAaaSsbvZw7WUAX51Y
2025-08-15T23:35:25.977Z,ATokenGPvbdGVxr1b2hvZbsiqW5xWH25efTNsLJA8knL,5.94,0.08417508,0.10101010,36ZK4CzmY7VfvHZq7Kj5jwszF9a74s4Vtj2oEWpDysqkSJoMFS7i5eTk2wk8HdMvK2Ta3xfVrweuPEznuTrjfQTq
2025-08-15T23:35:25.978Z,ATokenGPvbdGVxr1b2hvZbsiqW5xWH25efTNsLJA8knL,6.88,0.07267442,0.08720930,5KUFCwpnsexGWqczSCZp8psxhYoYdAAehTBw65QLeCpyaDBDTXi3iqFSCb1LEkjAXfS1HF4iG5K45CS3XCt6pTTr
2025-08-15T23:35:25.980Z,ATokenGPvbdGVxr1b2hvZbsiqW5xWH25efTNsLJA8knL,5.95,0.08403361,0.10084033,wF3axs3TKLeNWNZQinJbBGTTsWGT5n3YDSyugfSFadJXRbfy1TpQJS86Nhy1tCHMLyftreYuABW1jF9WsegL5zE
2025-08-15T23:35:25.982Z,ATokenGPvbdGVxr1b2hvZbsiqW5xWH25efTNsLJA8knL,8.64,0.05787037,0.06944444,4hjZV4xCp2bEYGhifFMU3iH8p833RijpkL8Bm3os7WSPrEQgGhejYGatZqmLw2C1qXQ6Hr2vrf5YmpWjMatwqvML
2025-08-15T23:35:25.983Z,ATokenGPvbdGVxr1b2hvZbsiqW5xWH25efTNsLJA8knL,9.6,0.05208333,0.06250000,mUXBDeTRQv3soadzkB8wqZjawr1V99v4zcB239aPtbHRBKD6Sfxvgv49F3BgZ3sCuRtVp37jEwLKTu7CBUCJTYT
2025-08-15T23:35:25.991Z,NoEncontrado,3.22,0.15527950,0.18633540,3acmoWv2q8fTVifzBbmSQFdqypvmZxY5SQRjxykWeRo6TTYodfvYqGRbF33rD2MXMjLv9cn9Z7PYrDZck2A881mZ
2025-08-15T23:35:25.993Z,NoEncontrado,6.3,0.07936508,0.09523810,4EGE7hxsVV59Eqx2YNsuJ94foM7znMtpbDB8LADb9eUMvkiorNY3orDce3VHDgjrNay4HntQJTUw5wJkGXf8g9p2
2025-08-15T23:35:25.994Z,NoEncontrado,7.21,0.06934813,0.08321776,3FeFTKcWgGU3pFcMevSH3d7eteuckPtrCzgRU7XGsERPhjsxwYCfEFPTdGyezSoGGS4gh8BdUkFJK7fsAx185EJG
2025-08-15T23:35:25.996Z,NoEncontrado,5.67,0.08818342,0.10582010,5hWt1Eo6iN1hVqqyMBfsR4xz6eP6zDUthkELDizeQa8HEwjNKHVUNbFGr5rTgAtndHp5pQYm34pGpyydgQR9Vw2P
2025-08-15T23:35:25.997Z,NoEncontrado,9.56,0.05230126,0.06276151,4gkhAmS6Qn253sPv5ov1ejUALMQBMkfmXpUFBmsfZRcKKXtDbArxMF8RAtGDUNHzzvo7M2uHS64G4AMEE9JbYihP
2025-08-15T23:35:25.999Z,NoEncontrado,7.47,0.06693440,0.08032128,4yAVbBJ1Y9CafkbwFTaZLU8Nk8R2XKrxUpG6aEi19Z8C4ZNXYdLpv4Q4K6NWkWgdBabeB95DYRC4cCmGCMnBYkXM
2025-08-15T23:35:26.001Z,NoEncontrado,3.29,0.15197568,0.18237082,2oUH1QwRwXSpbh6Cso1NjAEkQitGoKogZwmibUsRvKvLnk7dV4YsySBDeYnxpnqfgASE1nkRoB6G1Ax6aepBooag
2025-08-15T23:35:26.002Z,NoEncontrado,2.53,0.19762846,0.23715415,496JYFTHJApWcYmTkApNFqHXq3i9nMxMgVnxGQ4kNihqNNgXgsKF6i1uk2YkRFsCVbnz4GkUa51yTcit9WPrubA9
2025-08-15T23:35:26.004Z,NoEncontrado,5.57,0.08976661,0.10771993,qx3SrBQ6vPWtXnscFUUT6b4potdJbQndbNz9DzKWECbUtRESDLXUVE6fCibxcwz85ccoha4J7N6ypFmp8n6XJFJ
2025-08-15T23:35:26.006Z,NoEncontrado,6.24,0.08012821,0.09615385,5Up2nXKQgjQaswAy4Ak6FNU1SyqSjGKNFqn1iBeWLs94fMZ7WqU2ooAKAuqvRYDFWuPFn3MWVZbP2haiyCiWpnAf
2025-08-15T23:35:26.008Z,NoEncontrado,7.53,0.06640106,0.07968127,i9A3Y926xz52nvDhhb2KhdQdsgjZYzS8Ys9FhNRTcxKnynZeSY9Yucpn6HrAeG7smrpYBJJavQa1zAUZEPxonEh
2025-08-15T23:35:26.009Z,NoEncontrado,3.36,0.14880952,0.17857142,eq6iueMbJRYtwC12sfkxNBEDcu99wavNJbBdK9gRCobFFFry8eukTFU2begptA859exHNU17auaoDZbTfAWTupB
2025-08-15T23:35:26.011Z,NoEncontrado,9.49,0.05268704,0.06322445,5feWUAdhDtp3AXnRDVJhgmEa2spdSzVtRCPj4Ag6oAiQAm6CnpsXi2rni3m2aUmfWC49oawyresiZDYd2a4ies9y
2025-08-15T23:35:26.012Z,NoEncontrado,8.51,0.05875441,0.07050529,3f7Jyp78wJT5hZkLm7UT1KZ22MfHq9U5W3i2bjVbXe47DSr19EMuqR9quc7cgvdnzqmb9YsDp6L79n5WfL537UXf
2025-08-15T23:35:26.014Z,NoEncontrado,7.07,0.07072136,0.08486563,4czwiSuygEjWz5zgytXCuKKgyRoqJ3r9MKPjjKZd9GuwFoZeazNJUL7XocRTU7LnsGP3ivPcKYnCgq27Q1uiNPmY
2025-08-15T23:35:26.016Z,NoEncontrado,5.25,0.09523810,0.11428572,2M83ECAnsgqtfvJWDiWb4rGHvihMfriQ9AVqhXangtBaiYUdLkvMvi6cYuBMxACiQg495H5Ziwi8TpVArWhthJ38
2025-08-15T23:35:26.017Z,NoEncontrado,7.78,0.06426735,0.07712082,1mc956K9DtX3Qia1Qp1T983iGF8mJM5iayUcZVTGN9VwDzyc2iv9UnRhkeV3jdVPcECrXjCRXpjWHADvHRzYpLz
2025-08-15T23:35:26.019Z,NoEncontrado,8.91,0.05611672,0.06734006,3P8WqFEAm3NkiueKPEs7eZNbJDroBrj6PBaRFkkmUfZwd7gGXVCSQRj7R9w5qxRjMGEU1t5PgqpLpVkWMNg7yevS
2025-08-15T23:35:26.020Z,NoEncontrado,8.11,0.06165228,0.07398274,cxYVNpXF3mPHc7RWLrX42d3i4razRXD7rpP7RGqh7CuQ2obarJwEYZwteFBgCdkinaXpYeX4CFkEQSqp7cixxFS
2025-08-15T23:35:26.022Z,NoEncontrado,5.09,0.09823183,0.11787820,2FA44Q6srpHNiKnHqYHYz22W16onrj97suxxM8j2njpQgUocnKRUactJ3kH6WPHDJzvYvb5NTZoryXo3RgieLa48
2025-08-15T23:35:26.024Z,NoEncontrado,6.88,0.07267442,0.08720930,5NkZ1JNdaYgj5zgSEasX75n8ucjZ8hkh8tdBkpmBT466Au6Yt4jCTdFbY4h2FqdsjzBrh7coafgwECEz7bbxSHjg
2025-08-15T23:35:26.026Z,NoEncontrado,9.79,0.05107252,0.06128702,2XQacfBwtd4hnK8ojpGGPG76b1ZrSqiPqH4SJV4ukMqmPq1XA7wVBywQ2czxYgwNbKySv2AK6Znrpi2S2ngEymms
2025-08-15T23:35:26.027Z,NoEncontrado,6.33,0.07898894,0.09478673,52zQXaYpmejNj6QRGk4t3X1zjrrcqMrV6eSxoR3TTjNsQVg4nr5z3Y3yLjvCwpi9EcG971AWpzdLuEh27DehJBZK
2025-08-15T23:35:26.029Z,NoEncontrado,6.99,0.07153076,0.08583691,JVVZqvwmSDr7kyJVFHEY5TW9BMptQU2DmqSi97n1y5nPTZ2QzJZe1yztEy1pHhz1652PDQQ46andWJ83TwBk8Bx
2025-08-15T23:35:26.204Z,NoEncontrado,9.46,0.05285412,0.06342494,mNvneYa1NTabaAZxiiTXuNpunUH7vmvN74Ms8TXhVtCK4NHkbUERzyQf9DLpgfCvaZPfkQdffXPsf7DG7NJkwxD
2025-08-15T23:35:26.346Z,ATokenGPvbdGVxr1b2hvZbsiqW5xWH25efTNsLJA8knL,4.14,0.12077295,0.14492754,395PV8g5WgtKEQxfTDWo53pDQaDBado1XWaSKSYrawvSUPN9QD2v5n8y1ic8MtoHafZwwuAkmVkcHd7V9HFnZNeb
2025-08-15T23:35:26.367Z,ATokenGPvbdGVxr1b2hvZbsiqW5xWH25efTNsLJA8knL,4.29,0.11655012,0.13986014,3VBsdtaBTFnmQ6SKzjDNQX81ZpP8VvDN4EKisbQFsvCafBMgFzr2nHkBP5zCrHJmuph8nkEYFf65mKpWVWmpjDPb
2025-08-15T23:35:26.369Z,ATokenGPvbdGVxr1b2hvZbsiqW5xWH25efTNsLJA8knL,2.04,0.24509804,0.29411765,5FLHq3TbKAYKhY8BbUHcNi1HVvyBRW6pcm7umUW4E7vmZTNUT6FS3ZV93rJGMpvHNgMAbXa3tbVT1zQbcQkTGLUj
2025-08-15T23:35:26.374Z,NoEncontrado,6.19,0.08077544,0.09693053,5diiBuQam6FzReRUB9eMqe5sYo4HY3Rf89Wf2N6CfDmNHid6cP5nMq2W9MHzDozpD5pU3G3UpjvvQvUFdo2KAERP
2025-08-15T23:35:26.377Z,NoEncontrado,5.06,0.09881423,0.11857708,3hoZF79jWQdDhegnRBj8CvxNpoV8mToLyoGXNZJ4LBbZLiw5qR1H34R9PHovarjuGpoDsTceKssCTmetkHCBnR83
2025-08-15T23:35:26.378Z,NoEncontrado,4.96,0.10080645,0.12096774,3TwkQBhtmBH2JDczAW6YbcARDRZopBmBasYDVFHAKXdkTuqdb3ssqmCpAAa9QnxKEVbjVXusFGcaeMfJ9rG3WR77
2025-08-15T23:35:26.381Z,NoEncontrado,2.8,0.17857143,0.21428572,AA1Sr16MJjriqpuKeQefNjyBHTgDEp1hfxHWzWqR33VdzgtuGsjafFQDfGqxGFacTdNLhFC2tVMgh3NtnnSVsF3
2025-08-15T23:35:26.384Z,NoEncontrado,7.58,0.06596306,0.07915567,67pcnzoz8w6iaB1JxUaH6fNrhdfQTnQrV44MJ5m1R8jv3EZ6V4S1bUGeNruWw6FZNMJRQnCBSA41aEs8rB1VVLFB
2025-08-15T23:35:26.386Z,NoEncontrado,6.73,0.07429421,0.08915305,4Y2reTz7PCjdGmo4U7htUnUHgjGNNQ3HEcjnQvBJuN2CPZERNUPe3LUgjnRXkusbtrSnp8gqHs8tFrpkuVWb9dGG
2025-08-15T23:35:26.389Z,NoEncontrado,7.61,0.06570302,0.07884362,4MBqSsRfWGh78cQfZkS9SfWr7o1ZWNTr97BZHaKbxaZnKJMseoTuXg4HsWMxjpMYm7mzgamdVZiFSapVdusST5xT
2025-08-15T23:35:26.390Z,NoEncontrado,9.14,0.05470460,0.06564552,4NDyaZzTfYMaQEz336puCrou6muLUc81Sk7pRZvvxou6CbAiWsVzQP8fSmXQRTVxsxRrTMV3WH8iAx2ZvCRFC2EK
2025-08-15T23:35:26.392Z,NoEncontrado,9.34,0.05353319,0.06423983,3CPyoYzThCDRyojq8TMen5tuzhqfDA8jZ53zcdB37eAa3L1vtwckmQ6F7rVrJGTqrnDPM4pSUvBuJxGta41eKWRc
2025-08-15T23:35:26.394Z,NoEncontrado,6.21,0.08051530,0.09661836,6iCjEtyCKTgRsCq2NbGbCrnueuYQ91YV3dFEvcCKfG8dtFx85JLRCEtJKE4EonAay9UsQT8krAXxGLPZZ48koxE
2025-08-15T23:35:26.396Z,NoEncontrado,8.34,0.05995204,0.07194245,mdqXubqbc12Jy1Y7wg3KD19pedMq1YCScnAp8hQrc93bSf1n574H2FEkM4ZEFzYmo3iF2zYCbg383M9JFnT9Gz2
2025-08-15T23:35:26.397Z,NoEncontrado,7.14,0.07002801,0.08403361,42Vua1GE2WtQ5LLKKLcNNz7W8v2FBAa5YoNy42yA64gLETBoUXnaTRTJxQJk4pDzdCKhe2qCNvjActd53NkZVT4j
2025-08-15T23:35:26.399Z,NoEncontrado,3.09,0.16181230,0.19417476,2H49CR54irJiQ45GDo1xPhBQj4F3578ita7Vh8j5kbQE3m8YcGGSb2wob5bndG6MW3jFGV2bTvsCaTxV4ghKEx9K
2025-08-15T23:35:26.401Z,NoEncontrado,7.94,0.06297229,0.07556675,2HBkqezy7a3G9dFzLoyhfrCvF9hLjYMtAdnYumXnoCTuNpdfC6qGV6GDghvLQ1nV5vqxE1Zh35o44iqhzpvWaz8L
2025-08-15T23:35:26.402Z,NoEncontrado,6.04,0.08278146,0.09933775,2a2FsWjs1TwmEJsgr81duaW8CYv2MuuTXGdL7f2GiVPLKznZNRkWDoHsVq36W5XRfSUUonPa6cCH3WFY4YEBmH9Q
2025-08-15T23:35:26.405Z,NoEncontrado,6.74,0.07418398,0.08902078,5qjEoTPBQZES3ukejK1EMhqWwrZANpTHiU8Tz18SysGRfzDB796FdNY11co7ESM3zXXK5RvJxc1SQBndsW17qoih
2025-08-15T23:35:26.407Z,NoEncontrado,8.95,0.05586592,0.06703910,2nGAwUuwHAQymQfQtjijLvEvw6At42PPFgqpXjVZgWXmPmw8UpXt7RBx6RxLwp43rcHYfNhfACfgEZNxRbvfQXn2
2025-08-15T23:35:26.409Z,NoEncontrado,4,0.12500000,0.15000000,2YZqoECm4XNf4UfNQWqkrtJXD3yoTrEC8Q5V3n4X88KH6xwsUvLSrgMdJvnFDzsRpnCrfmHG8Uzec2Tz6i3uzVqA
2025-08-15T23:35:26.413Z,NoEncontrado,4.68,0.10683761,0.12820513,3ycLadq5qpEhTUMpciQQjHLjiebDq58bQctgTtLnA8y7x6qEy4Y88XHSvSDZT386aWFGwQcqzzP6okN4441nq7f6
2025-08-15T23:35:26.415Z,NoEncontrado,8.91,0.05611672,0.06734006,5nEQdRGEmpSRUFBpnKC5nAGFuqDcXpCv8MQg1TuSbSn9nWQzk6vSKCthN77UmwNke6yEc6u667khDkCfvTkXz9UT
2025-08-15T23:35:26.416Z,NoEncontrado,5.1,0.09803922,0.11764706,21fTGKn3nUyt9aPAimYULYpbKUgPZkQQeHKi4K43nSDeQJJ2XTU85tZpozRPv48EgbwMRD8pqqMhagmzyDQkuPyQ
2025-08-15T23:35:26.418Z,NoEncontrado,6.5,0.07692308,0.09230770,2WPExAuQstJDZqRNjnKb4JS33zVgskZQEGLcSpvELiUYQKjHWajt58NraHZ5CEkehmCbnexgBnnYNHqXpya4zvwg
2025-08-15T23:35:26.420Z,NoEncontrado,7.91,0.06321113,0.07585336,2BHd1xjwzPzgccTQPSorRoLzFzSQ1wuLz4atepf7poatncarFUu8qgNQ1gvmttFdC6duSpNpj51Lo532ZcFWJcr7
2025-08-15T23:35:26.422Z,NoEncontrado,7.48,0.06684492,0.08021390,5HSWS5yjE41qssn9wsx9PGbPwc5qBCCY7Sm3zoMSZjpcz9aKXSWS1Zjov2KXYVAhKj2ocvFzgfgGiHwZnCKgpbzF
2025-08-15T23:35:26.424Z,NoEncontrado,8.67,0.05767013,0.06920416,4YfQ11eX1qWRvFt4gTQ9EBkCVj1pkEiXQ3W5zBc69vGTRaMcgE1MVNPmg1zHhqBEQnEjkro19PTkn8k9YsdRfmkk
